1,http://www.imdb.com/title/tt0097195/?ref_=fn_al_tt_1
2,http://www.imdb.com/title/tt0112257/?ref_=fn_al_tt_1
3,http://www.imdb.com/title/tt0140825/?ref_=fn_al_tt_1
4,http://www.imdb.com/title/tt0150980/?ref_=fn_al_tt_1
5,http://www.imdb.com/title/tt0188503/?ref_=fn_al_tt_1
6,http://www.imdb.com/title/tt0190268/?ref_=fn_al_tt_1
7,http://www.imdb.com/title/tt0192657/?ref_=fn_al_tt_1
8,http://www.imdb.com/title/tt0220806/?ref_=fn_al_tt_1
9,http://www.imdb.com/title/tt0223530/?ref_=fn_al_tt_1
10,http://www.imdb.com/title/tt0241073/?ref_=fn_al_tt_1
11,http://www.imdb.com/title/tt0245837/?ref_=fn_al_tt_1
12,http://www.imdb.com/title/tt0247613/?ref_=fn_al_tt_1
13,http://www.imdb.com/title/tt0255589/?ref_=fn_al_tt_1
14,http://www.imdb.com/title/tt0260991/?ref_=fn_al_tt_1
15,http://www.imdb.com/title/tt0261552/?ref_=fn_al_tt_1
16,http://www.imdb.com/title/tt0262246/?ref_=fn_al_tt_1
17,http://www.imdb.com/title/tt0266075/?ref_=fn_al_tt_1
18,http://www.imdb.com/title/tt0269743/?ref_=fn_al_tt_1
19,http://www.imdb.com/title/tt0269857/?ref_=fn_al_tt_1
20,http://www.imdb.com/title/tt0275083/?ref_=fn_al_tt_1
21,http://www.imdb.com/title/tt0284815/?ref_=fn_al_tt_1
22,http://www.imdb.com/title/tt0289181/?ref_=fn_al_tt_1
23,http://www.imdb.com/title/tt0293715/?ref_=fn_al_tt_1
24,http://www.imdb.com/title/tt0294252/?ref_=fn_al_tt_1
25,http://www.imdb.com/title/tt0295368/?ref_=fn_al_tt_1
26,http://www.imdb.com/title/tt0296492/?ref_=fn_al_tt_1
27,http://www.imdb.com/title/tt0296658/?ref_=fn_al_tt_1
28,http://www.imdb.com/title/tt0296696/?ref_=fn_al_tt_1
29,http://www.imdb.com/title/tt0301429/?ref_=fn_al_tt_1
30,http://www.imdb.com/title/tt0307213/?ref_=fn_al_tt_1
31,http://www.imdb.com/title/tt0310775/?ref_=fn_al_tt_1
32,http://www.imdb.com/title/tt0312841/?ref_=fn_al_tt_1
33,http://www.imdb.com/title/tt0313550/?ref_=fn_al_tt_1
34,http://www.imdb.com/title/tt0317234/?ref_=fn_al_tt_1
35,http://www.imdb.com/title/tt0320193/?ref_=fn_al_tt_1
36,http://www.imdb.com/title/tt0353014/?ref_=fn_al_tt_1
37,http://www.imdb.com/title/tt0353969/?ref_=fn_al_tt_1
38,http://www.imdb.com/title/tt0354668/?ref_=fn_al_tt_1
39,http://www.imdb.com/title/tt0364569/?ref_=fn_al_tt_1
40,http://www.imdb.com/title/tt0365376/?ref_=fn_al_tt_1
41,http://www.imdb.com/title/tt0370082/?ref_=fn_al_tt_1
42,http://www.imdb.com/title/tt0372873/?ref_=fn_al_tt_1
43,http://www.imdb.com/title/tt0374546/?ref_=fn_al_tt_1
44,http://www.imdb.com/title/tt0378428/?ref_=fn_al_tt_1
45,http://www.imdb.com/title/tt0380164/?ref_=fn_al_tt_1
46,http://www.imdb.com/title/tt0386064/?ref_=fn_al_tt_1
47,http://www.imdb.com/title/tt0390043/?ref_=fn_al_tt_1
48,http://www.imdb.com/title/tt0390205/?ref_=fn_al_tt_1
49,http://www.imdb.com/title/tt0395140/?ref_=fn_al_tt_1
50,http://www.imdb.com/title/tt0395677/?ref_=fn_al_tt_1
51,http://www.imdb.com/title/tt0397619/?ref_=fn_al_tt_1
52,http://www.imdb.com/title/tt0403692/?ref_=fn_al_tt_1
53,http://www.imdb.com/title/tt0407821/?ref_=fn_al_tt_1
54,http://www.imdb.com/title/tt0409072/?ref_=fn_al_tt_1
55,http://www.imdb.com/title/tt0410537/?ref_=fn_al_tt_1
56,http://www.imdb.com/title/tt0415689/?ref_=fn_al_tt_1
57,http://www.imdb.com/title/tt0416499/?ref_=fn_al_tt_1
58,http://www.imdb.com/title/tt0416853/?ref_=fn_al_tt_1
59,http://www.imdb.com/title/tt0417072/?ref_=fn_al_tt_1
60,http://www.imdb.com/title/tt0423866/?ref_=fn_al_tt_1
61,http://www.imdb.com/title/tt0428870/?ref_=fn_al_tt_1
62,http://www.imdb.com/title/tt0433328/?ref_=fn_al_tt_1
63,http://www.imdb.com/title/tt0451094/?ref_=fn_al_tt_1
64,http://www.imdb.com/title/tt0455116/?ref_=fn_al_tt_1
65,http://www.imdb.com/title/tt0456470/?ref_=fn_al_tt_1
66,http://www.imdb.com/title/tt0456912/?ref_=fn_al_tt_1
67,http://www.imdb.com/title/tt0457007/?ref_=fn_al_tt_1
68,http://www.imdb.com/title/tt0462684/?ref_=fn_al_tt_1
69,http://www.imdb.com/title/tt0468492/?ref_=fn_al_tt_1
70,http://www.imdb.com/title/tt0468704/?ref_=fn_al_tt_1
71,http://www.imdb.com/title/tt0475616/?ref_=fn_al_tt_1
72,http://www.imdb.com/title/tt0475783/?ref_=fn_al_tt_1
73,http://www.imdb.com/title/tt0485552/?ref_=fn_al_tt_1
74,http://www.imdb.com/title/tt0488174/?ref_=fn_al_tt_1
75,http://www.imdb.com/title/tt0488762/?ref_=fn_al_tt_1
76,http://www.imdb.com/title/tt0492835/?ref_=fn_al_tt_1
77,http://www.imdb.com/title/tt0497137/?ref_=fn_al_tt_1
78,http://www.imdb.com/title/tt0497986/?ref_=fn_al_tt_1
79,http://www.imdb.com/title/tt0762073/?ref_=fn_al_tt_1
80,http://www.imdb.com/title/tt0816437/?ref_=fn_al_tt_1
81,http://www.imdb.com/title/tt0817225/?ref_=fn_al_tt_1
82,http://www.imdb.com/title/tt0817544/?ref_=fn_al_tt_1
83,http://www.imdb.com/title/tt0821442/?ref_=fn_al_tt_1
84,http://www.imdb.com/title/tt0821470/?ref_=fn_al_tt_1
85,http://www.imdb.com/title/tt0826024/?ref_=fn_al_tt_1
86,http://www.imdb.com/title/tt0835787/?ref_=fn_al_tt_1
87,http://www.imdb.com/title/tt0891488/?ref_=fn_al_tt_1
88,http://www.imdb.com/title/tt0901475/?ref_=fn_al_tt_1
89,http://www.imdb.com/title/tt0901487/?ref_=fn_al_tt_1
90,http://www.imdb.com/title/tt0929261/?ref_=fn_al_tt_1
91,http://www.imdb.com/title/tt0940642/?ref_=fn_al_tt_1
92,http://www.imdb.com/title/tt0969268/?ref_=fn_al_tt_1
93,http://www.imdb.com/title/tt0969367/?ref_=fn_al_tt_1
94,http://www.imdb.com/title/tt0972542/?ref_=fn_al_tt_1
95,http://www.imdb.com/title/tt0997229/?ref_=fn_al_tt_1
96,http://www.imdb.com/title/tt1002567/?ref_=fn_al_tt_1
97,http://www.imdb.com/title/tt1064953/?ref_=fn_al_tt_1
98,http://www.imdb.com/title/tt1077274/?ref_=fn_al_tt_1
99,http://www.imdb.com/title/tt1119199/?ref_=fn_al_tt_1
100,http://www.imdb.com/title/tt1137481/?ref_=fn_al_tt_1
101,http://www.imdb.com/title/tt1138442/?ref_=fn_al_tt_1
102,http://www.imdb.com/title/tt1138457/?ref_=fn_al_tt_1
103,http://www.imdb.com/title/tt1153040/?ref_=fn_al_tt_1
104,http://www.imdb.com/title/tt1155053/?ref_=fn_al_tt_1
105,http://www.imdb.com/title/tt1165253/?ref_=fn_al_tt_1
106,http://www.imdb.com/title/tt1176096/?ref_=fn_al_tt_1
107,http://www.imdb.com/title/tt1190539/?ref_=fn_al_tt_1
108,http://www.imdb.com/title/tt1193460/?ref_=fn_al_tt_1
109,http://www.imdb.com/title/tt1193490/?ref_=fn_al_tt_1
110,http://www.imdb.com/title/tt1216496/?ref_=fn_al_tt_1
111,http://www.imdb.com/title/tt1230385/?ref_=fn_al_tt_1
112,http://www.imdb.com/title/tt1232106/?ref_=fn_al_tt_1
113,http://www.imdb.com/title/tt1274293/?ref_=fn_al_tt_1
114,http://www.imdb.com/title/tt1275891/?ref_=fn_al_tt_1
115,http://www.imdb.com/title/tt1287878/?ref_=fn_al_tt_1
116,http://www.imdb.com/title/tt1314652/?ref_=fn_al_tt_1
117,http://www.imdb.com/title/tt1345734/?ref_=fn_al_tt_1
118,http://www.imdb.com/title/tt1373120/?ref_=fn_al_tt_1
119,http://www.imdb.com/title/tt1389762/?ref_=fn_al_tt_1
120,http://www.imdb.com/title/tt1432078/?ref_=fn_al_tt_1
121,http://www.imdb.com/title/tt1438522/?ref_=fn_al_tt_1
122,http://www.imdb.com/title/tt1527788/?ref_=fn_al_tt_1
123,http://www.imdb.com/title/tt1533085/?ref_=fn_al_tt_1
124,http://www.imdb.com/title/tt1533086/?ref_=fn_al_tt_1
125,http://www.imdb.com/title/tt1535419/?ref_=fn_al_tt_1
126,http://www.imdb.com/title/tt1535491/?ref_=fn_al_tt_1
127,http://www.imdb.com/title/tt1588170/?ref_=fn_al_tt_1
128,http://www.imdb.com/title/tt1599378/?ref_=fn_al_tt_1
129,http://www.imdb.com/title/tt1606384/?ref_=fn_al_tt_1
130,http://www.imdb.com/title/tt1646959/?ref_=fn_al_tt_1
131,http://www.imdb.com/title/tt1662557/?ref_=fn_al_tt_1
132,http://www.imdb.com/title/tt1694019/?ref_=fn_al_tt_1
133,http://www.imdb.com/title/tt1706620/?ref_=fn_al_tt_1
134,http://www.imdb.com/title/tt1730695/?ref_=fn_al_tt_1
135,http://www.imdb.com/title/tt1814665/?ref_=fn_al_tt_1
136,http://www.imdb.com/title/tt1825955/?ref_=fn_al_tt_1
137,http://www.imdb.com/title/tt1836099/?ref_=fn_al_tt_1
138,http://www.imdb.com/title/tt1843120/?ref_=fn_al_tt_1
139,http://www.imdb.com/title/tt1922561/?ref_=fn_al_tt_1
140,http://www.imdb.com/title/tt1935094/?ref_=fn_al_tt_1
141,http://www.imdb.com/title/tt1935785/?ref_=fn_al_tt_1
142,http://www.imdb.com/title/tt1937339/?ref_=fn_al_tt_1
143,http://www.imdb.com/title/tt1984177/?ref_=fn_al_tt_1
144,http://www.imdb.com/title/tt1984208/?ref_=fn_al_tt_1
145,http://www.imdb.com/title/tt1989712/?ref_=fn_al_tt_1
146,http://www.imdb.com/title/tt2007387/?ref_=fn_al_tt_1
147,http://www.imdb.com/title/tt2007413/?ref_=fn_al_tt_1
148,http://www.imdb.com/title/tt2015315/?ref_=fn_al_tt_1
149,http://www.imdb.com/title/tt2025506/?ref_=fn_al_tt_1
150,http://www.imdb.com/title/tt2025526/?ref_=fn_al_tt_1
151,http://www.imdb.com/title/tt2070649/?ref_=fn_al_tt_1
152,http://www.imdb.com/title/tt2072962/?ref_=fn_al_tt_1
153,http://www.imdb.com/title/tt2082180/?ref_=fn_al_tt_1
154,http://www.imdb.com/title/tt2082221/?ref_=fn_al_tt_1
155,http://www.imdb.com/title/tt2132405/?ref_=fn_al_tt_1
156,http://www.imdb.com/title/tt2173024/?ref_=fn_al_tt_1
157,http://www.imdb.com/title/tt2186819/?ref_=fn_al_tt_1
158,http://www.imdb.com/title/tt2253742/?ref_=fn_al_tt_1
159,http://www.imdb.com/title/tt2290840/?ref_=fn_al_tt_1
160,http://www.imdb.com/title/tt2297164/?ref_=fn_al_tt_1
161,http://www.imdb.com/title/tt2299842/?ref_=fn_al_tt_1
162,http://www.imdb.com/title/tt2308725/?ref_=fn_al_tt_1
163,http://www.imdb.com/title/tt2308860/?ref_=fn_al_tt_1
164,http://www.imdb.com/title/tt2315152/?ref_=fn_al_tt_1
165,http://www.imdb.com/title/tt2337981/?ref_=fn_al_tt_1
166,http://www.imdb.com/title/tt2351310/?ref_=fn_al_tt_1
167,http://www.imdb.com/title/tt2357377/?ref_=fn_al_tt_1
168,http://www.imdb.com/title/tt2371486/?ref_=fn_al_tt_1
169,http://www.imdb.com/title/tt2468774/?ref_=fn_al_tt_1
170,http://www.imdb.com/title/tt2554270/?ref_=fn_al_tt_1
171,http://www.imdb.com/title/tt2625030/?ref_=fn_al_tt_1
172,http://www.imdb.com/title/tt2659414/?ref_=fn_al_tt_1
173,http://www.imdb.com/title/tt2709764/?ref_=fn_al_tt_1
174,http://www.imdb.com/title/tt2763764/?ref_=fn_al_tt_1
175,http://www.imdb.com/title/tt2828840/?ref_=fn_al_tt_1
176,http://www.imdb.com/title/tt2967578/?ref_=fn_al_tt_1
177,http://www.imdb.com/title/tt2969522/?ref_=fn_al_tt_1
178,http://www.imdb.com/title/tt2969656/?ref_=fn_al_tt_1
179,http://www.imdb.com/title/tt2972362/?ref_=fn_al_tt_1
180,http://www.imdb.com/title/tt2972482/?ref_=fn_al_tt_1
181,http://www.imdb.com/title/tt2973516/?ref_=fn_al_tt_1
182,http://www.imdb.com/title/tt2990738/?ref_=fn_al_tt_1
183,http://www.imdb.com/title/tt3054798/?ref_=fn_al_tt_1
184,http://www.imdb.com/title/tt3144098/?ref_=fn_al_tt_1
185,http://www.imdb.com/title/tt3303728/?ref_=fn_al_tt_1
186,http://www.imdb.com/title/tt3404140/?ref_=fn_al_tt_1
187,http://www.imdb.com/title/tt3404158/?ref_=fn_al_tt_1
188,http://www.imdb.com/title/tt3419894/?ref_=fn_al_tt_1
189,http://www.imdb.com/title/tt3479208/?ref_=fn_al_tt_1
190,http://www.imdb.com/title/tt3501416/?ref_=fn_al_tt_1
191,http://www.imdb.com/title/tt3516378/?ref_=fn_al_tt_1
192,http://www.imdb.com/title/tt3541262/?ref_=fn_al_tt_1
193,http://www.imdb.com/title/tt3554976/?ref_=fn_al_tt_1
194,http://www.imdb.com/title/tt3560580/?ref_=fn_al_tt_1
195,http://www.imdb.com/title/tt3634940/?ref_=fn_al_tt_1
196,http://www.imdb.com/title/tt3661798/?ref_=fn_al_tt_1
197,http://www.imdb.com/title/tt3697566/?ref_=fn_al_tt_1
198,http://www.imdb.com/title/tt3697626/?ref_=fn_al_tt_1
199,http://www.imdb.com/title/tt3723996/?ref_=fn_al_tt_1
200,http://www.imdb.com/title/tt3779028/?ref_=fn_al_tt_1
201,http://www.imdb.com/title/tt3837196/?ref_=fn_al_tt_1
202,http://www.imdb.com/title/tt3845670/?ref_=fn_al_tt_1
203,http://www.imdb.com/title/tt3892620/?ref_=fn_al_tt_1
204,http://www.imdb.com/title/tt3967856/?ref_=fn_al_tt_1
205,http://www.imdb.com/title/tt3967878/?ref_=fn_al_tt_1
206,http://www.imdb.com/title/tt4016934/?ref_=fn_al_tt_1
207,http://www.imdb.com/title/tt4136696/?ref_=fn_al_tt_1
208,http://www.imdb.com/title/tt4156924/?ref_=fn_al_tt_1
209,http://www.imdb.com/title/tt4319112/?ref_=fn_al_tt_1
210,http://www.imdb.com/title/tt4415016/?ref_=fn_al_tt_1
211,http://www.imdb.com/title/tt4432058/?ref_=fn_al_tt_1
212,http://www.imdb.com/title/tt4682562/?ref_=fn_al_tt_1
213,http://www.imdb.com/title/tt4708348/?ref_=fn_al_tt_1
214,http://www.imdb.com/title/tt4768764/?ref_=fn_al_tt_1
215,http://www.imdb.com/title/tt4768776/?ref_=fn_al_tt_1
216,http://www.imdb.com/title/tt4791594/?ref_=fn_al_tt_1
217,http://www.imdb.com/title/tt4914580/?ref_=fn_al_tt_1
218,http://www.imdb.com/title/tt5049302/?ref_=fn_al_tt_1
219,http://www.imdb.com/title/tt5066556/?ref_=fn_al_tt_1
220,http://www.imdb.com/title/tt5215952/?ref_=fn_al_tt_1
221,http://www.imdb.com/title/tt5606538/?ref_=fn_al_tt_1
222,http://www.imdb.com/title/tt5700672/?ref_=fn_al_tt_1
223,http://www.imdb.com/title/tt5729348/?ref_=fn_al_tt_1
224,http://www.imdb.com/title/tt5910280/?ref_=fn_al_tt_1
225,http://www.imdb.com/title/tt5918028/?ref_=fn_al_tt_1
226,http://www.imdb.com/title/tt5996202/?ref_=fn_al_tt_1
227,http://www.imdb.com/title/tt6302160/?ref_=fn_al_tt_1
228,http://www.imdb.com/title/tt6399158/?ref_=fn_al_tt_1
229,http://www.imdb.com/title/tt6412864/?ref_=fn_al_tt_1
230,http://www.imdb.com/title/tt6599340/?ref_=fn_al_tt_1
231,http://www.imdb.com/title/tt6739094/?ref_=fn_al_tt_1
232,http://www.imdb.com/title/tt6751668/?ref_=fn_al_tt_1
233,http://www.imdb.com/title/tt6777338/?ref_=fn_al_tt_1
234,http://www.imdb.com/title/tt6777370/?ref_=fn_al_tt_1
235,http://www.imdb.com/title/tt6878038/?ref_=fn_al_tt_1
236,http://www.imdb.com/title/tt6890582/?ref_=fn_al_tt_1
237,http://www.imdb.com/title/tt6927152/?ref_=fn_al_tt_1
238,http://www.imdb.com/title/tt7056732/?ref_=fn_al_tt_1
239,http://www.imdb.com/title/tt7057496/?ref_=fn_al_tt_1
240,http://www.imdb.com/title/tt7160070/?ref_=fn_al_tt_1
241,http://www.imdb.com/title/tt7282468/?ref_=fn_al_tt_1
242,http://www.imdb.com/title/tt7468056/?ref_=fn_al_tt_1
243,http://www.imdb.com/title/tt8116428/?ref_=fn_al_tt_1
244,http://www.imdb.com/title/tt8119752/?ref_=fn_al_tt_1
245,http://www.imdb.com/title/tt8574252/?ref_=fn_al_tt_1