1,https://m.media-amazon.com/images/M/MV5BNDliNDAzNjgtODgyMC00MTMxLWI1YmItMzkzYjY1NjU3ZmJmXkEyXkFqcGdeQXVyNTM3MDMyMDQ@..jpg
2,https://m.media-amazon.com/images/M/MV5BOTE0MGU3MGQtZjVhMi00OTU4LWE3ZjYtY2I2ZDI1YmY2Y2I4XkEyXkFqcGdeQXVyMjgyNjk3MzE@..jpg
3,https://m.media-amazon.com/images/M/MV5BOTU0MWMyZDEtMDg2NC00ODI5LWI3YTctZGMxOTQ3ZjU4YmVlXkEyXkFqcGdeQXVyMzY2MDk0MTk@..jpg
4,https://m.media-amazon.com/images/M/MV5BYTNlNjZlYWYtMWViMy00MDRjLTllNjQtYTFkZTExM2IyYzg1XkEyXkFqcGdeQXVyMTQxNzMzNDI@..jpg
5,https://m.media-amazon.com/images/M/MV5BYWVhZDUyOWQtYmYzYi00MmI4LTk4YjctMGY2MDA3MDlmZGI2XkEyXkFqcGdeQXVyNTAyODkwOQ@@..jpg
6,https://m.media-amazon.com/images/M/MV5BY2ExNzE0ZDQtN2VkNC00Y2M3LTlkMjYtZmVmMzQ4NDBhOGNlXkEyXkFqcGdeQXVyMjExNjgyMTc@..jpg
7,https://m.media-amazon.com/images/M/MV5BZDZmMTQ0OWMtYTM1YS00MWM1LWFhZTQtOTc3NzI1ZGQyOTkzXkEyXkFqcGdeQXVyNjQ2MjQ5NzM@..jpg
8,https://m.media-amazon.com/images/M/MV5BMjEyMTQwNjIyMF5BMl5BanBnXkFtZTcwMDkyODAzMQ@@..jpg
9,https://m.media-amazon.com/images/M/MV5BM2EyNjMwYzYtODkyZC00YzNlLTkxM2UtN2Q1ODc3Y2JjYjhjXkEyXkFqcGdeQXVyMTMxMTY0OTQ@..jpg
10,https://m.media-amazon.com/images/M/MV5BYTQ1NWVlMTYtYWRmNi00NTI4LWJmOWMtMGNmOWY1MGM2ZjhhXkEyXkFqcGdeQXVyNjQ2MjQ5NzM@..jpg
11,https://m.media-amazon.com/images/M/MV5BMTg0NTAwNDU0NV5BMl5BanBnXkFtZTcwMjgxOTQxMQ@@..jpg
12,https://m.media-amazon.com/images/M/MV5BNjA4OTUxNTkwOF5BMl5BanBnXkFtZTcwOTIyNzYzMQ@@..jpg
13,https://m.media-amazon.com/images/M/MV5BM2NkMjI2ZDctNDdjYy00ZGVkLWExNTQtZWM4MTgxYzAxMDJmXkEyXkFqcGdeQXVyMzM4MjM0Nzg@..jpg
14,https://m.media-amazon.com/images/M/MV5BZjI3NjFlOTktN2JhYy00NjhjLWFmYWYtMDk3ZTkwOWQwZTAwXkEyXkFqcGdeQXVyMTMxODk2OTU@..jpg
15,https://m.media-amazon.com/images/M/MV5BMjA3Njc0MDM1N15BMl5BanBnXkFtZTcwOTAyMTIyMQ@@..jpg
16,https://m.media-amazon.com/images/M/MV5BMTMyMjYyNDY2MV5BMl5BanBnXkFtZTcwMzU2NzAzMQ@@..jpg
17,https://m.media-amazon.com/images/M/MV5BZGFhMGVkY2QtNTUxNy00NTdmLWE3ZDYtMjQyZWYxNzQwMzMzXkEyXkFqcGdeQXVyMTQxNzMzNDI@..jpg
18,https://m.media-amazon.com/images/M/MV5BMjJkOGVlOWUtODRmNS00NmViLTliMDctMTVjYjhhMDBmYjVlXkEyXkFqcGdeQXVyMjYzMDI3OTY@..jpg
19,https://m.media-amazon.com/images/M/MV5BMTAwMTM2Njc1NDleQTJeQWpwZ15BbWU3MDUzNDA0MzE@..jpg
20,https://m.media-amazon.com/images/M/MV5BZWU5YWEwYzUtM2FjMC00YWMzLThjNWYtY2MyZDNkNmZjMTk1XkEyXkFqcGdeQXVyNjk5NzY4OTk@..jpg
21,https://m.media-amazon.com/images/M/MV5BOGZmZWU0ZTAtMDFiNS00MjQ0LWIwNmItMDYxZGRkNGMzMjJmXkEyXkFqcGdeQXVyMzY2MDk0MTk@..jpg
22,https://m.media-amazon.com/images/M/MV5BMTc5NzM2MDY5MF5BMl5BanBnXkFtZTcwMTMxNDgxMQ@@..jpg
23,https://m.media-amazon.com/images/M/MV5BMjM2NTYxMTE3OV5BMl5BanBnXkFtZTgwNDgwNjgwMzE@..jpg
24,https://m.media-amazon.com/images/M/MV5BZjFkNTU2NjMtZjY4Ni00NTdkLWIxMDUtZGI1YWE5MWZhNTJiXkEyXkFqcGdeQXVyODU2MDg1NzU@..jpg
25,https://m.media-amazon.com/images/M/MV5BMTM3NjY5OTM4N15BMl5BanBnXkFtZTcwNjk3NzYyMQ@@..jpg
26,https://m.media-amazon.com/images/M/MV5BMjE3NTY1MDQ4N15BMl5BanBnXkFtZTcwNDQxNTgzMg@@..jpg
27,https://m.media-amazon.com/images/M/MV5BMTI2Mjc3MTM2NF5BMl5BanBnXkFtZTcwODUzMjYyMQ@@..jpg
28,https://m.media-amazon.com/images/M/MV5BOGQ3ZWQxYzAtNjExYy00ZDAwLWFjY2QtYTFkZTA5MDE2ZTUwXkEyXkFqcGdeQXVyNjc5Mjg4Nzc@..jpg
29,https://m.media-amazon.com/images/M/MV5BZmE2NmNmMDAtZTA0Yy00OTc3LTkyY2UtMjkwM2M4MWNkYTRmXkEyXkFqcGdeQXVyMTMxMTY0OTQ@..jpg
30,https://m.media-amazon.com/images/M/MV5BMTk3OTI5MTc3MV5BMl5BanBnXkFtZTcwNzc1MTkyMQ@@..jpg
31,https://m.media-amazon.com/images/M/MV5BYmNlNDVjMWUtZDZjNS00YTBmLWE3NGUtNDcxMzE0YTQ2ODMxXkEyXkFqcGdeQXVyMTMxODk2OTU@..jpg
32,https://m.media-amazon.com/images/M/MV5BMjAwMDgwNzUzMV5BMl5BanBnXkFtZTcwMDA4MTQyMQ@@..jpg
33,https://m.media-amazon.com/images/M/MV5BYjMwNmQ0OTgtYjJkYy00OWMzLThmOTItMTdiMDcyZjc3YmJmXkEyXkFqcGdeQXVyMjI2MDQxODA@..jpg
34,https://m.media-amazon.com/images/M/MV5BNzc0ODRkY2QtYTI3Yy00ZTY4LWI4ZTItOGQxZDNhOTZhN2MxXkEyXkFqcGdeQXVyNzI1NzMxNzM@..jpg
35,https://m.media-amazon.com/images/M/MV5BYjdjNDg1ZWYtYjdlYi00ZDk5LWE1MjktN2VjNTgyN2RmZmYxXkEyXkFqcGdeQXVyMTMxMTY0OTQ@..jpg
36,https://m.media-amazon.com/images/M/MV5BMzJmZTllYjMtMzI4NS00MzFmLWFlNWItZmVmMTc3Mzc1Mzc5L2ltYWdlXkEyXkFqcGdeQXVyNTAyODkwOQ@@..jpg
37,https://m.media-amazon.com/images/M/MV5BMzhlNGJhYzUtZTNiMi00MjI0LWFjN2MtOTVlN2IxODVkZWVkXkEyXkFqcGdeQXVyMTMxODk2OTU@..jpg
38,https://m.media-amazon.com/images/M/MV5BMWI3NTkzYzItNDlmYi00ODBlLWJlNWUtMTdiOWNlNjNkZTFjXkEyXkFqcGdeQXVyMjQ1NjEyNzE@..jpg
39,https://m.media-amazon.com/images/M/MV5BMTI3NTQyMzU5M15BMl5BanBnXkFtZTcwMTM2MjgyMQ@@..jpg
40,https://m.media-amazon.com/images/M/MV5BMDMyNDE0ZmQtZTVhZC00M2Q1LTljNmUtYjFiNzljNGNjOTA3XkEyXkFqcGdeQXVyMTQxNzMzNDI@..jpg
41,https://m.media-amazon.com/images/M/MV5BNjczNWE0ZDItM2YwZi00ZDM0LWI1NTQtOTczZWU3YzlmOWIwXkEyXkFqcGdeQXVyNjQ2MjQ5NzM@..jpg
42,https://m.media-amazon.com/images/M/MV5BMTc2OTk1MzUzMl5BMl5BanBnXkFtZTcwNjE0ODI1MQ@@..jpg
43,https://m.media-amazon.com/images/M/MV5BMTI0ODMwOTIxOV5BMl5BanBnXkFtZTcwMzE2NDUyMQ@@..jpg
44,https://m.media-amazon.com/images/M/MV5BNDNjYThkN2YtODI5Ny00YzA5LWFjMjQtZTE4YTNjMjhhNTM1XkEyXkFqcGdeQXVyMTMxMTY0OTQ@..jpg
45,https://m.media-amazon.com/images/M/MV5BMTAxMTY1NzEzOTBeQTJeQWpwZ15BbWU3MDA4NTE5MjE@..jpg
46,https://m.media-amazon.com/images/M/MV5BNjAxZTEzNzQtYjdlNy00ZTJmLTkwZDUtOTAwNTM3YjI2MWUyL2ltYWdlXkEyXkFqcGdeQXVyNTAyODkwOQ@@..jpg
47,https://m.media-amazon.com/images/M/MV5BOGJkYWVkZGItY2M3Ni00NDE5LWI2ZDQtODUzOTZiZDhkOTYyXkEyXkFqcGdeQXVyMzQ0NTgwMTQ@..jpg
48,https://m.media-amazon.com/images/M/MV5BMjAxMzY4MjU2Ml5BMl5BanBnXkFtZTgwNjY5OTQ2MzE@..jpg
49,https://m.media-amazon.com/images/M/MV5BMjgxMDE3NzcyM15BMl5BanBnXkFtZTgwNTg4ODUwMjE@..jpg
50,https://m.media-amazon.com/images/M/MV5BMWY2YmM0YmYtYTFjNS00ZTljLThmOGQtM2ExOTE3NWU1ZDc3XkEyXkFqcGdeQXVyNDI3NjcxMDA@..jpg
51,https://m.media-amazon.com/images/M/MV5BNWE0ZjZiZjQtMmY0Yy00YTQ0LTg3NWQtMmYzODM0NzVhMDcyXkEyXkFqcGdeQXVyMTMxMTY0OTQ@..jpg
52,https://m.media-amazon.com/images/M/MV5BMjA4NzExMjE1N15BMl5BanBnXkFtZTcwODI0NTE0MQ@@..jpg
53,https://m.media-amazon.com/images/M/MV5BNjg5OTY0NzczMF5BMl5BanBnXkFtZTgwNzI4MDQ2MzE@..jpg
54,https://m.media-amazon.com/images/M/MV5BNGIzNWQyYjAtMWM3Yy00MWQ5LTlmYmQtNzk3MGJlM2RmN2EyXkEyXkFqcGdeQXVyNDQyNTUyODM@..jpg
55,https://m.media-amazon.com/images/M/MV5BMDlmZGNjNWMtZTZhZS00MGUwLTkzMGYtOTAyOTZmZjE2NTc2XkEyXkFqcGdeQXVyMzM4MjM0Nzg@..jpg
56,https://m.media-amazon.com/images/M/MV5BYTVlMTQ1ZjMtOTIxNC00OWQ3LWEyNzYtZWZjN2YyNzFjYjQzXkEyXkFqcGdeQXVyOTYyMTM3OTU@..jpg
57,https://m.media-amazon.com/images/M/MV5BODI3NzgyOWItMjg4NS00MzE3LTkwYTgtMzFjZDY3ODI3ZGQwXkEyXkFqcGdeQXVyMTMxMTY0OTQ@..jpg
58,https://m.media-amazon.com/images/M/MV5BMjE4NDA2ODQxOV5BMl5BanBnXkFtZTgwNTgzMTAwMTE@..jpg
59,https://m.media-amazon.com/images/M/MV5BMjM5MTExNzE0Ml5BMl5BanBnXkFtZTgwNjM5MDQ2MzE@..jpg
60,https://m.media-amazon.com/images/M/MV5BMTM1ODIwNzM5OV5BMl5BanBnXkFtZTcwNjk5MDkyMQ@@..jpg
61,https://m.media-amazon.com/images/M/MV5BODYzODg5Mjg3Ml5BMl5BanBnXkFtZTgwNDM1MDQ2MzE@..jpg
62,https://m.media-amazon.com/images/M/MV5BYzBmYTFmNGQtODA5Mi00ODA2LTkwYzUtZjEyMjEwZjcwOWJlXkEyXkFqcGdeQXVyMTMxMTY0OTQ@..jpg
63,https://m.media-amazon.com/images/M/MV5BODdmZGI0MjktNjA4NS00ODgxLWEzZjUtMTc0OTZlMTlhYWE5XkEyXkFqcGdeQXVyNzI1NzMxNzM@..jpg
64,https://m.media-amazon.com/images/M/MV5BZjhjNjM5OWYtNTRlMy00NGIyLTliZGYtNTY3ZWM4MzdkZDk4XkEyXkFqcGdeQXVyNzI1NzMxNzM@..jpg
65,https://m.media-amazon.com/images/M/MV5BMTQzMDE4MzM4NV5BMl5BanBnXkFtZTcwOTMyNzYzMQ@@..jpg
66,https://m.media-amazon.com/images/M/MV5BYWExMGMyZTYtMTRmZS00M2VlLWI0MzMtYmE5MzQ1N2MzOGE4XkEyXkFqcGdeQXVyMTMxODk2OTU@..jpg
67,https://m.media-amazon.com/images/M/MV5BMDlkYjdmODctYjFhZS00M2VmLTgwNDgtMjIxYzAxNDBiMjg1L2ltYWdlL2ltYWdlXkEyXkFqcGdeQXVyMTQ3Njg3MQ@@..jpg
68,https://m.media-amazon.com/images/M/MV5BMTc0NDQ3ODI1Ml5BMl5BanBnXkFtZTgwMjI2OTE3MjE@..jpg
69,https://m.media-amazon.com/images/M/MV5BMTE3N2IwNmMtOGE0Ny00NWFlLTliNmUtNjY3ODExYjgxNmUyXkEyXkFqcGdeQXVyMTMxODk2OTU@..jpg
70,https://m.media-amazon.com/images/M/MV5BODNhZmZiNTktYTEzMC00ODA1LWE3NzktNmQxZGVkMDA1ZjdiXkEyXkFqcGdeQXVyNzI1NzMxNzM@..jpg
71,https://m.media-amazon.com/images/M/MV5BYTcwZGMzNmEtZGFmYy00NWI1LWFjYWMtYzhiNjMxY2NiNmFjXkEyXkFqcGdeQXVyMTMxMTY0OTQ@..jpg
72,https://m.media-amazon.com/images/M/MV5BZjlkYWU1MzctYTdmMS00MDIyLTgyNGMtZmU1MjIwNjU0ZjY4XkEyXkFqcGdeQXVyMTMxMTY0OTQ@..jpg
73,https://m.media-amazon.com/images/M/MV5BZTBlNDgzNTEtN2MzZC00MjI2LTljMDgtNzc1ZGRiNmMwZTc2XkEyXkFqcGdeQXVyMTMxMTY0OTQ@..jpg
74,https://m.media-amazon.com/images/M/MV5BMTAyOTU5MjQzMzVeQTJeQWpwZ15BbWU4MDM0MTkxNzIx..jpg
75,https://m.media-amazon.com/images/M/MV5BODFlNDI0ZDgtYzRiMy00ZDMzLTlmOGEtMGMxZWIzMTcxODAxXkEyXkFqcGdeQXVyMzE4MDkyNTA@..jpg
76,https://m.media-amazon.com/images/M/MV5BMTQ1NTY3MTg4MV5BMl5BanBnXkFtZTgwOTUwOTE3MjE@..jpg
77,https://m.media-amazon.com/images/M/MV5BMTAwMjQ0NjQzMTReQTJeQWpwZ15BbWU4MDEyNjg3NTIx..jpg
78,https://m.media-amazon.com/images/M/MV5BMjA1NjU5OTcxNl5BMl5BanBnXkFtZTcwNTMyNjYzMQ@@..jpg
79,https://m.media-amazon.com/images/M/MV5BYzA4MGVkNjMtYWI5NC00YTQwLWJkZTUtOTdjYmI5OGE4ZTUwL2ltYWdlXkEyXkFqcGdeQXVyNTAyODkwOQ@@..jpg
80,https://m.media-amazon.com/images/M/MV5BNDRhYjk3ZmMtMmEwNy00NDllLWE2MmMtOTI4MTY3YThjZDU1XkEyXkFqcGdeQXVyNjQ3ODkxMjE@..jpg
81,https://m.media-amazon.com/images/M/MV5BMjAzMDE5MDM5OV5BMl5BanBnXkFtZTgwMDE1NzE1MjE@..jpg
82,https://m.media-amazon.com/images/M/MV5BZjg1NzllNjgtZmU3ZC00YjdhLThjZWQtMGJmYmY2MjYzYzQ5XkEyXkFqcGdeQXVyMTY5Nzc4MDY@..jpg
83,https://m.media-amazon.com/images/M/MV5BMTc5Mzc3ODUyMl5BMl5BanBnXkFtZTgwNDk0ODc1MjE@..jpg
84,https://m.media-amazon.com/images/M/MV5BMTk5NzE5MTc1NV5BMl5BanBnXkFtZTgwNDY4ODc1MjE@..jpg
85,https://m.media-amazon.com/images/M/MV5BZjA5MjkyZTYtMDE5OS00MGExLWJmNmEtNzAwODc4NWYwOWM2XkEyXkFqcGdeQXVyNjQxODIzNDA@..jpg
86,https://m.media-amazon.com/images/M/MV5BMzY3NmJmNjQtODgwMi00YjY0LWE3YjAtNmEwMGRmZTYwMzFjXkEyXkFqcGdeQXVyMjI2MDQxODA@..jpg
87,https://m.media-amazon.com/images/M/MV5BMTYwNTAyNDM4MV5BMl5BanBnXkFtZTgwNjMyODc1MjE@..jpg
88,https://m.media-amazon.com/images/M/MV5BYTYyYWM4Y2ItOWZjNy00NmQyLTlhN2UtYjFhYTRmYzRlNzExXkEyXkFqcGdeQXVyMjExNjgyMTc@..jpg
89,https://m.media-amazon.com/images/M/MV5BYzgxYWM3MjEtZjhmYi00YWRlLWE4YjItYmI3NTVmOTljNzUyXkEyXkFqcGdeQXVyMTQxNzMzNDI@..jpg
90,https://m.media-amazon.com/images/M/MV5BMTgxNzc2Mjc4NF5BMl5BanBnXkFtZTgwMzUxOTc1MjE@..jpg
91,https://m.media-amazon.com/images/M/MV5BZTU4MDY4NGEtNGNjMC00ZGJkLWI0NGYtYzFhZTgxYjc2OGYwXkEyXkFqcGdeQXVyNTMyMDkwMTE@..jpg
92,https://m.media-amazon.com/images/M/MV5BNjk2MjY0ODE2OV5BMl5BanBnXkFtZTgwODI0NzE1MjE@..jpg
93,https://m.media-amazon.com/images/M/MV5BMjAyMjU2MzYxNl5BMl5BanBnXkFtZTgwMTE4ODc1MjE@..jpg
94,https://m.media-amazon.com/images/M/MV5BMTcxMDk5MTAzM15BMl5BanBnXkFtZTgwNTk0MTAwMTE@..jpg
95,https://m.media-amazon.com/images/M/MV5BMzk3MTI1MzQ3NV5BMl5BanBnXkFtZTcwMzU2NTk5Mw@@..jpg
96,https://m.media-amazon.com/images/M/MV5BNTYzNmViZDktMDI5MS00MjY4LTg4MzEtZDA0MTAyZGJhNTMyXkEyXkFqcGdeQXVyNzAzMjcyOA@@..jpg
97,https://m.media-amazon.com/images/M/MV5BNmE5Y2ZmZjktNzNkZi00YTk0LTg4OTktM2FjZGFmMjUxZmE3XkEyXkFqcGdeQXVyMTMxMTY0OTQ@..jpg
98,https://m.media-amazon.com/images/M/MV5BYWY5NmE3ZGUtZTcxYy00YTQzLTkwYzMtMTkyYzFhYmMwMWMyXkEyXkFqcGdeQXVyNTgwNzU4NjM@..jpg
99,https://m.media-amazon.com/images/M/MV5BMjAzODYyMDk4NV5BMl5BanBnXkFtZTgwODIzNzE1MjE@..jpg
100,https://m.media-amazon.com/images/M/MV5BOTcxOTI1OTY0N15BMl5BanBnXkFtZTgwNDY1NzE1MjE@..jpg
101,https://m.media-amazon.com/images/M/MV5BMTc2ODcyMzI2Nl5BMl5BanBnXkFtZTgwOTY2MDE0MjE@..jpg
102,https://m.media-amazon.com/images/M/MV5BN2RhNjI5ODYtYTA3Yi00YzU0LWFmM2QtZjM2YWYzMTRlNjc4XkEyXkFqcGdeQXVyMzE4MDkyNTA@..jpg
103,https://m.media-amazon.com/images/M/MV5BODA1MTE2OTIyM15BMl5BanBnXkFtZTgwMTA1MTE0MjE@..jpg
104,https://m.media-amazon.com/images/M/MV5BMWZhNjQ4ZTItNDM0NS00NGEzLWE5YjAtMmJmM2RhMTMwNzNkXkEyXkFqcGdeQXVyMzQ2MDUxMTg@..jpg
105,https://m.media-amazon.com/images/M/MV5BNDlmZWQ3MWItNTE2OC00Yjk2LThiYjktN2M0ZTllZGU1YjhkXkEyXkFqcGdeQXVyNTY2MTMwOTQ@..jpg
106,https://m.media-amazon.com/images/M/MV5BMjc2NzE1ODQxNF5BMl5BanBnXkFtZTcwOTczMDYwMw@@..jpg
107,https://m.media-amazon.com/images/M/MV5BY2ViOTU5MDQtZTRiZi00YjViLWFiY2ItOTRhNWYyN2ZiMzUyXkEyXkFqcGdeQXVyNTAyODkwOQ@@..jpg
108,https://m.media-amazon.com/images/M/MV5BNzgzNjgyMjUxOF5BMl5BanBnXkFtZTgwMzI1NzE1MjE@..jpg
109,https://m.media-amazon.com/images/M/MV5BMTQzMzg4MTQ0MV5BMl5BanBnXkFtZTgwNDkzNzE1MjE@..jpg
110,https://m.media-amazon.com/images/M/MV5BMTQzMTg0NDA1M15BMl5BanBnXkFtZTgwODUzMTE0MjE@..jpg
111,https://m.media-amazon.com/images/M/MV5BOTk0ODMxYTgtY2I4Mi00Y2VjLWFiMzMtODc2ZWM4Mzg5N2NjXkEyXkFqcGdeQXVyNjQ3ODkxMjE@..jpg
112,https://m.media-amazon.com/images/M/MV5BMTQxNzYzNjE5OV5BMl5BanBnXkFtZTgwMjgyNzE1MjE@..jpg
113,https://m.media-amazon.com/images/M/MV5BNGRjNjFjYWUtZjQxMi00NzBiLTg4M2EtYjcxZDhhN2VhNTA4XkEyXkFqcGdeQXVyNzI1NzMxNzM@..jpg
114,https://m.media-amazon.com/images/M/MV5BNWQ5Y2ZlYjEtMjQ1NC00ZWY4LTkwNDYtYjVmYTIyZDU5Mzk5XkEyXkFqcGdeQXVyMTMxMTY0OTQ@..jpg
115,https://m.media-amazon.com/images/M/MV5BOTdkM2FhNTUtYWJkZi00MDQ3LWJhMjktZjg4N2VjZTU2MmZhL2ltYWdlL2ltYWdlXkEyXkFqcGdeQXVyMjgyNjk3MzE@..jpg
116,https://m.media-amazon.com/images/M/MV5BNGM0MTMxOGMtNTYxMy00OTJhLWI1YmMtYzMxOWJiMTliYzY0XkEyXkFqcGdeQXVyMjgyNjk3MzE@..jpg
117,https://m.media-amazon.com/images/M/MV5BZWI0ODE4NzEtZTA2Zi00YWIwLThkN2ItY2E1NmI3MjhjMGNmXkEyXkFqcGdeQXVyMzE4MDkyNTA@..jpg
118,https://m.media-amazon.com/images/M/MV5BZTA2YWNjYTQtMDU0MS00YjQwLTk4NDMtZmNmN2JiMmMwNzMyXkEyXkFqcGdeQXVyNzI1NzMxNzM@..jpg
119,https://m.media-amazon.com/images/M/MV5BMTcyNTIzNjA1NV5BMl5BanBnXkFtZTcwOTE2NzI5Mw@@..jpg
120,https://m.media-amazon.com/images/M/MV5BMTkwNTIwMzcwM15BMl5BanBnXkFtZTgwMTk1MzA2MDE@..jpg
121,https://m.media-amazon.com/images/M/MV5BYmM3MmUyYjQtMTdhYi00OTgzLWEyYmYtMDM1Mjc1ZmU3OTlhXkEyXkFqcGdeQXVyNzI1NzMxNzM@..jpg
122,https://m.media-amazon.com/images/M/MV5BMTgzMTkxNjAxNV5BMl5BanBnXkFtZTgwMDU3MDE0MjE@..jpg
123,https://m.media-amazon.com/images/M/MV5BMTk0MjUxNzc0NF5BMl5BanBnXkFtZTgwNTQ4MDE0MjE@..jpg
124,https://m.media-amazon.com/images/M/MV5BMTcxMTI5ODg4N15BMl5BanBnXkFtZTgwNTU0MTE0MjE@..jpg
125,https://m.media-amazon.com/images/M/MV5BOTY0NDQxNmYtMGUxYS00MGM2LWI0ZTEtYmMxZDg5MTk1NDJmXkEyXkFqcGdeQXVyMzE4MDkyNTA@..jpg
126,https://m.media-amazon.com/images/M/MV5BOTk4YzgwOWYtOWNiMS00MjkwLTg5OWQtYTlmNjQ4OGM1NDIxXkEyXkFqcGdeQXVyNzI1NzMxNzM@..jpg
127,https://m.media-amazon.com/images/M/MV5BZjRmNjc5MTYtYjc3My00ZjNiLTg4YjUtMTQ0ZTFkZmMxMDUzXkEyXkFqcGdeQXVyNDY5MTUyNjU@..jpg
128,https://m.media-amazon.com/images/M/MV5BNzc5MTNlZDEtNTg3YS00NTc4LTg1MzUtNzViY2YxYTE1MTEzXkEyXkFqcGdeQXVyMzE4MDkyNTA@..jpg
129,https://m.media-amazon.com/images/M/MV5BMjM2MTI4OTc5OF5BMl5BanBnXkFtZTgwNDk1MTAzMjE@..jpg
130,https://m.media-amazon.com/images/M/MV5BMjAyNDEwMDgzMl5BMl5BanBnXkFtZTcwNzMyMTYwNQ@@..jpg
131,https://m.media-amazon.com/images/M/MV5BMTk0MDQwNTM4Nl5BMl5BanBnXkFtZTgwMTc3MDE0MjE@..jpg
132,https://m.media-amazon.com/images/M/MV5BMjM4MjAwNjI3OF5BMl5BanBnXkFtZTgwOTk3MDE0MjE@..jpg
133,https://m.media-amazon.com/images/M/MV5BMTQ3NzA1MTY3MV5BMl5BanBnXkFtZTgwNzE2Mzg5MTE@..jpg
134,https://m.media-amazon.com/images/M/MV5BZTY3MjA1NmQtMmUwMi00MjhmLTkxOWUtNDc3ZDUzODBmNDllXkEyXkFqcGdeQXVyMjI0MDI5Mg@@..jpg
135,https://m.media-amazon.com/images/M/MV5BNmFiMGFkMzctNzRkMS00ZDc5LWIxNDAtMThiNjFmNGZhZDdkXkEyXkFqcGdeQXVyOTExODQ3OQ@@..jpg
136,https://m.media-amazon.com/images/M/MV5BOTM1NGUxZTctZDY1MC00OTM0LWFmMDQtODAwNTM4MDEyOWI3XkEyXkFqcGdeQXVyNzI1NzMxNzM@..jpg
137,https://m.media-amazon.com/images/M/MV5BOTcyYmE4ZjMtNWMyYi00ZWFiLTg2YmMtMzViODA1YmI2YjIzXkEyXkFqcGdeQXVyMzE4MDkyNTA@..jpg
138,https://m.media-amazon.com/images/M/MV5BMTY2MTI5ODIzMl5BMl5BanBnXkFtZTgwNzI3MDE0MjE@..jpg
139,https://m.media-amazon.com/images/M/MV5BMTUwOTM0NjkzNV5BMl5BanBnXkFtZTcwMjE5MzA1Nw@@..jpg
140,https://m.media-amazon.com/images/M/MV5BMjEwOTI3NDIxNl5BMl5BanBnXkFtZTgwMDY5MTAwMTE@..jpg
141,https://m.media-amazon.com/images/M/MV5BZjZmNmUzNDMtOGVmMC00ZmEyLWJhM2MtYzNmY2RlYjBkMGY2XkEyXkFqcGdeQXVyMzE4MDkyNTA@..jpg
142,https://m.media-amazon.com/images/M/MV5BMTk2MTgxMjgxNl5BMl5BanBnXkFtZTgwOTU2MTAzMjE@..jpg
143,https://m.media-amazon.com/images/M/MV5BMTcxMDgwNDczOV5BMl5BanBnXkFtZTgwOTM4MTAzMjE@..jpg
144,https://m.media-amazon.com/images/M/MV5BZWQyYmNkMDctNDc2My00Njk3LWJlNDMtMGU3OTIzYTJkMWE0XkEyXkFqcGdeQXVyOTExODQ3OQ@@..jpg
145,https://m.media-amazon.com/images/M/MV5BMTU3NTY0MDY1MV5BMl5BanBnXkFtZTcwNzM4MzM3OA@@..jpg
146,https://m.media-amazon.com/images/M/MV5BMzM1NzM2NzM0NF5BMl5BanBnXkFtZTcwMzY0NDUyNw@@..jpg
147,https://m.media-amazon.com/images/M/MV5BODc1MDA0NjM5NF5BMl5BanBnXkFtZTgwMTU3MTAzMjE@..jpg
148,https://m.media-amazon.com/images/M/MV5BMjQzODUyMTk2MF5BMl5BanBnXkFtZTgwODA4MTAzMjE@..jpg
149,https://m.media-amazon.com/images/M/MV5BMTkzNzM0NjE2Nl5BMl5BanBnXkFtZTgwNDQ3ODE3MDE@..jpg
150,https://m.media-amazon.com/images/M/MV5BMTgwMjAyNzA0N15BMl5BanBnXkFtZTcwMTcxOTIwNw@@..jpg
151,https://m.media-amazon.com/images/M/MV5BMTUyNTc3NTg3M15BMl5BanBnXkFtZTgwMzc1MTAzMjE@..jpg
152,https://m.media-amazon.com/images/M/MV5BYTFjMDMwZGItZDcwZC00NmI5LTgzZTMtMTNhNmRjOGVkODNkXkEyXkFqcGdeQXVyOTExODQ3OQ@@..jpg
153,https://m.media-amazon.com/images/M/MV5BMTc4NjcwNDIwNl5BMl5BanBnXkFtZTcwNTA0NTg2Nw@@..jpg
154,https://m.media-amazon.com/images/M/MV5BMjA4NTY0OTQxMV5BMl5BanBnXkFtZTgwMTgxNDcyNjE@..jpg
155,https://m.media-amazon.com/images/M/MV5BMTc3NzAwOTk1MF5BMl5BanBnXkFtZTgwMTY2MTAzMjE@..jpg
156,https://m.media-amazon.com/images/M/MV5BMTUyMDEzMjk3NF5BMl5BanBnXkFtZTgwMDU0MTAzMjE@..jpg
157,https://m.media-amazon.com/images/M/MV5BMTYxNjQ4MzczMF5BMl5BanBnXkFtZTgwODI1MTAzMjE@..jpg
158,https://m.media-amazon.com/images/M/MV5BMjE1NzIzMDI5Nl5BMl5BanBnXkFtZTgwMzUzMTAzMjE@..jpg
159,https://m.media-amazon.com/images/M/MV5BODMzYmI3MjgtNDY4MS00YzVjLTg0MDctYzVlZDM2MmRlMmZjXkEyXkFqcGdeQXVyMjQ1NjEyNzE@..jpg
160,https://m.media-amazon.com/images/M/MV5BMTgyNTA3NjM0MV5BMl5BanBnXkFtZTgwMjUxNzIwMTE@..jpg
161,https://m.media-amazon.com/images/M/MV5BODQ3Nzg1NjkyNl5BMl5BanBnXkFtZTcwMzEyOTQzOQ@@..jpg
162,https://m.media-amazon.com/images/M/MV5BMTU1NDY0NjA2MV5BMl5BanBnXkFtZTgwODIxOTMzMjE@..jpg
163,https://m.media-amazon.com/images/M/MV5BMTU4OTQ3ODQ1OF5BMl5BanBnXkFtZTgwMTcxNDA2NDE@..jpg
164,https://m.media-amazon.com/images/M/MV5BMTQ5MjI0NDc1MV5BMl5BanBnXkFtZTgwNzkzMTAzMjE@..jpg
165,https://m.media-amazon.com/images/M/MV5BNjE1NTI0ZGEtNDM5Ny00ODExLThkMDAtODQ1YmI5MWYxODZmXkEyXkFqcGdeQXVyMjk3NjE3NTM@..jpg
166,https://m.media-amazon.com/images/M/MV5BMTQ4NzI2OTg5NV5BMl5BanBnXkFtZTgwNjQ3MDgyMjE@..jpg
167,https://m.media-amazon.com/images/M/MV5BMjg0OTY4MDE2NV5BMl5BanBnXkFtZTgwOTQyMjEyMjE@..jpg
168,https://m.media-amazon.com/images/M/MV5BMTk4MDM5NTA0MV5BMl5BanBnXkFtZTgwNzU2NjI2MDE@..jpg
169,https://m.media-amazon.com/images/M/MV5BMjI1ODUxMjc0NV5BMl5BanBnXkFtZTgwNTg3MTcyMTE@..jpg
170,https://m.media-amazon.com/images/M/MV5BMzEyNTIzODI5NF5BMl5BanBnXkFtZTgwMzI1MTAzMjE@..jpg
171,https://m.media-amazon.com/images/M/MV5BMTYxODg5ODMxOV5BMl5BanBnXkFtZTcwNzkwMzYyOQ@@..jpg
172,https://m.media-amazon.com/images/M/MV5BOGZjZGZmOWQtYTZjNC00ZjIwLTlmODItZDllM2ExNTk5YmU0XkEyXkFqcGdeQXVyNjQ3ODkxMjE@..jpg
173,https://m.media-amazon.com/images/M/MV5BMjI3ODQ5MzIxMl5BMl5BanBnXkFtZTgwMzYyMjEyMjE@..jpg
174,https://m.media-amazon.com/images/M/MV5BOGYxZjVlYzgtYWQ5OS00ZjI4LTkyMjItMDQzZTVjZDQ1YTI0XkEyXkFqcGdeQXVyMzM4MjM0Nzg@..jpg
175,https://m.media-amazon.com/images/M/MV5BNDE3ODI2MTY3M15BMl5BanBnXkFtZTgwOTcyMjEyMjE@..jpg
176,https://m.media-amazon.com/images/M/MV5BMDgzZjNkMTUtNTdlOC00OGZiLWE2OGUtMzcyOWNiZmRmMzQxXkEyXkFqcGdeQXVyNDE2NjE1Njc@..jpg
177,https://m.media-amazon.com/images/M/MV5BZGQxMDFjOWQtNDlhMi00N2MzLWE5MDAtODEwMTgwNGExNmNkXkEyXkFqcGdeQXVyNDI3NjcxMDA@..jpg
178,https://m.media-amazon.com/images/M/MV5BNTJhMjI3NzUtOGQ1Zi00NzY4LWEzYTItOGI1YTVmN2IxNTJjXkEyXkFqcGdeQXVyNjQ3ODkxMjE@..jpg
179,https://m.media-amazon.com/images/M/MV5BYWZmNzI5ODYtM2Q1Ni00MjJmLWFjNTctMzY4MTAxYTA5NjU3XkEyXkFqcGdeQXVyMzE4MDkyNTA@..jpg
180,https://m.media-amazon.com/images/M/MV5BMjA1MzM0ODIxMl5BMl5BanBnXkFtZTgwNTQ5ODMzMjE@..jpg
181,https://m.media-amazon.com/images/M/MV5BMjMyNzEzNTc1OV5BMl5BanBnXkFtZTgwNzMzNjcyMjE@..jpg
182,https://m.media-amazon.com/images/M/MV5BMTJhNDNhZGItZWY2Ni00YmM3LWJmMjctOGJjNmNmZGY4YjVlXkEyXkFqcGdeQXVyNjQ3ODkxMjE@..jpg
183,https://m.media-amazon.com/images/M/MV5BMTEyMDIxMDQzMTJeQTJeQWpwZ15BbWU4MDExMzg1MjYx..jpg
184,https://m.media-amazon.com/images/M/MV5BODIzNzcyMTQ0Nl5BMl5BanBnXkFtZTgwNzg4ODI3MDE@..jpg
185,https://m.media-amazon.com/images/M/MV5BMTk4NTgxNDIyMl5BMl5BanBnXkFtZTgwNDg2ODcwOTE@..jpg
186,https://m.media-amazon.com/images/M/MV5BMjI2ODg5NDcxN15BMl5BanBnXkFtZTgwMDEzNzIwMTE@..jpg
187,https://m.media-amazon.com/images/M/MV5BOTE2MjEzNzU1MV5BMl5BanBnXkFtZTgwODQwMzg5MDE@..jpg
188,https://m.media-amazon.com/images/M/MV5BNDFjNDI0NGUtYTBlYi00MWY2LTg1ZGYtYzRlODk3NWQyZjEyXkEyXkFqcGdeQXVyNzI1NzMxNzM@..jpg
189,https://m.media-amazon.com/images/M/MV5BMTg3OTMwODM5MV5BMl5BanBnXkFtZTgwMjAxMDI2MTE@..jpg
190,https://m.media-amazon.com/images/M/MV5BODE4MjQ0MjMzNl5BMl5BanBnXkFtZTgwNTE2ODUyNjE@..jpg
191,https://m.media-amazon.com/images/M/MV5BMWMzNTU3Y2UtYzc4NS00YWY5LWEwOWItMDg0ZmY3ZjYwYzE1XkEyXkFqcGdeQXVyNTI5NjIyMw@@..jpg
192,https://m.media-amazon.com/images/M/MV5BMjA1MzE5NTMyNl5BMl5BanBnXkFtZTgwODA4MzI0MjE@..jpg
193,https://m.media-amazon.com/images/M/MV5BMTg4MDExMDEzMF5BMl5BanBnXkFtZTgwMDMyMjEyMjE@..jpg
194,https://m.media-amazon.com/images/M/MV5BN2E0NWM1N2YtZjRhOS00YWVmLTk5MWMtOWFmZmZjODQ4YTRiXkEyXkFqcGdeQXVyOTExODQ3OQ@@..jpg
195,https://m.media-amazon.com/images/M/MV5BODU3NDkxOTYxMV5BMl5BanBnXkFtZTgwMDQxMzA0NjE@..jpg
196,https://m.media-amazon.com/images/M/MV5BNzk1MDExMTA3M15BMl5BanBnXkFtZTgwNzMxNzk3MTE@..jpg
197,https://m.media-amazon.com/images/M/MV5BMzYzNzgyMjczMF5BMl5BanBnXkFtZTgwMDk4MDEyMjE@..jpg
198,https://m.media-amazon.com/images/M/MV5BYThiMzE1ZWMtZDU2MC00ZmQ2LTg0ODEtMTgxNjA4MDk0ZGIzXkEyXkFqcGdeQXVyNDE2NjE1Njc@..jpg
199,https://m.media-amazon.com/images/M/MV5BNDg2YjYxYTEtYTZhYS00MzMyLWI4NDctMTUwMzgwMzUwYmI5XkEyXkFqcGdeQXVyMjQ2MTk1OTE@..jpg
200,https://m.media-amazon.com/images/M/MV5BOWY3MGUyYmItZTZjOC00N2NlLWFmOWUtNWZkYWJiNDQ0NjhhXkEyXkFqcGdeQXVyNjQ4NTczMDE@..jpg
201,https://m.media-amazon.com/images/M/MV5BYmE2MGQyODctODE4MC00ODVkLTkwMzUtYjBlNjRhOGMzZmIzXkEyXkFqcGdeQXVyMjE1NjUyMTM@..jpg
202,https://m.media-amazon.com/images/M/MV5BMTM3ZGNhYmMtYzFkYi00MDM4LWJjNjktM2U3NmY0N2I3MjI2XkEyXkFqcGdeQXVyNjU3MzA0NjE@..jpg
203,https://m.media-amazon.com/images/M/MV5BMDM4ODUwYjYtMWEwNi00YmQ0LTk4NjUtZWFmOGNiZWQ5MTc2XkEyXkFqcGdeQXVyNjk2NjIzMDI@..jpg
204,https://m.media-amazon.com/images/M/MV5BMjQxMTcxNDgxN15BMl5BanBnXkFtZTgwOTczNTIzMjI@..jpg
205,https://m.media-amazon.com/images/M/MV5BMWI3ZjJmZWMtMDM2Yi00Mjg2LTg2NTktOWY2ZTc5ZDFiNzdjXkEyXkFqcGdeQXVyNzQzNDM3NTI@..jpg
206,https://m.media-amazon.com/images/M/MV5BNDJhYTk2MTctZmVmOS00OTViLTgxNjQtMzQxOTRiMDdmNGRjXkEyXkFqcGdeQXVyMTMxODk2OTU@..jpg
207,https://m.media-amazon.com/images/M/MV5BMjMwMzUwNTM0NV5BMl5BanBnXkFtZTgwMTMzNTAwNjE@..jpg
208,https://m.media-amazon.com/images/M/MV5BZDVlMWI5ODctMjU2YS00ODBkLWI2ZDUtNjNjY2RiN2RlNWZkXkEyXkFqcGdeQXVyNTgwNzU4NjM@..jpg
209,https://m.media-amazon.com/images/M/MV5BMGRkNGI3ZTQtOWEyNC00MWYzLWI5MjItZjE2ODg0Mjg3OTQyXkEyXkFqcGdeQXVyOTExODQ3OQ@@..jpg
210,https://m.media-amazon.com/images/M/MV5BMDk1OWFiMWUtNzQxZi00NWYyLWE4YTktZjBlYjY5OTlmOTQwXkEyXkFqcGdeQXVyNjYxMjY5MjU@..jpg
211,https://m.media-amazon.com/images/M/MV5BYjBiNmVhN2QtZjM3OS00MDNjLTk4ZDEtZWZlYjAxMDM3ZGY2XkEyXkFqcGdeQXVyMjM3MTAzOTc@..jpg
212,https://m.media-amazon.com/images/M/MV5BZTA0NDM0ZWMtZDI0Zi00OWI5LWJlOTYtZTk5ZjAzYzIyNjQ3XkEyXkFqcGdeQXVyNDE2NjE1Njc@..jpg
213,https://m.media-amazon.com/images/M/MV5BNTM1YjMyMGYtZTQxNC00MmNmLWEwNzUtN2E5ODRjYzA2ZjRlXkEyXkFqcGdeQXVyMzE4MDkyNTA@..jpg
214,https://m.media-amazon.com/images/M/MV5BMjE2MDc4NTQ3N15BMl5BanBnXkFtZTgwNDU2MDE4NjE@..jpg
215,https://m.media-amazon.com/images/M/MV5BMTUwMjY3OTE5OF5BMl5BanBnXkFtZTgwMzgwMDY2ODE@..jpg
216,https://m.media-amazon.com/images/M/MV5BZjFjZDUyODEtY2UwNi00Y2Q3LThkMDktYjNiNjAwOWJhYmQ5XkEyXkFqcGdeQXVyNzI1NzMxNzM@..jpg
217,https://m.media-amazon.com/images/M/MV5BMjA4NDk2MzYxM15BMl5BanBnXkFtZTgwNzA4MDYyMDI@..jpg
218,https://m.media-amazon.com/images/M/MV5BZGE4NzJhMjctMWVhNy00MjQwLTkwYzQtMmQ4ZTU3YzQ3MGQ5XkEyXkFqcGdeQXVyNjQ3ODkxMjE@..jpg
219,https://m.media-amazon.com/images/M/MV5BNDI0ZjQwMDMtOTUzMy00YTcwLWEwMWEtN2QxN2RkMjMwNTViXkEyXkFqcGdeQXVyNDU2MDY1NjE@..jpg
220,https://m.media-amazon.com/images/M/MV5BODkwMTgxNjA2NF5BMl5BanBnXkFtZTgwMDc0OTcwOTE@..jpg
221,https://m.media-amazon.com/images/M/MV5BYThmMmE3NzYtNGIyMi00MmRhLWFkMDItZGU3NTgwNmExZTdmXkEyXkFqcGdeQXVyNjQ3ODkxMjE@..jpg
222,https://m.media-amazon.com/images/M/MV5BMTkwOTQ4OTg0OV5BMl5BanBnXkFtZTgwMzQyOTM0OTE@..jpg
223,https://m.media-amazon.com/images/M/MV5BNGY2MDkzMTctMjI3Mi00ODM0LWExNDktNGJlNDI2OGU2OTExXkEyXkFqcGdeQXVyNTUxNTI3MzY@..jpg
224,https://m.media-amazon.com/images/M/MV5BMjE3ODYwODE2OV5BMl5BanBnXkFtZTgwMjM5ODA2OTE@..jpg
225,https://m.media-amazon.com/images/M/MV5BMTA5MzM5OTA4ODReQTJeQWpwZ15BbWU4MDQ1ODA2MjAy..jpg
226,https://m.media-amazon.com/images/M/MV5BYTRkMzU1OWMtN2VjMS00NTAxLWE0NjgtMGY1OWI4MjVlMTllXkEyXkFqcGdeQXVyNjgwMzg3Nzk@..jpg
227,https://m.media-amazon.com/images/M/MV5BNmExNmZiZTYtYmY2My00YmRhLThjZWYtOGM4ODIwNDZhNDZhL2ltYWdlXkEyXkFqcGdeQXVyNzE5MDMyMzk@..jpg
228,https://m.media-amazon.com/images/M/MV5BMTA3YTkxNDYtYzkwNS00ZjAzLWE3OWQtMzQ3NzI4Y2ZlMjcxXkEyXkFqcGdeQXVyNjQ3ODkxMjE@..jpg
229,https://m.media-amazon.com/images/M/MV5BZjExNTNjYzYtNmJjYS00ZmMzLTk2NDUtY2FlOWRlYWViNmU1XkEyXkFqcGdeQXVyMTg5MDEyNw@@..jpg
230,https://m.media-amazon.com/images/M/MV5BNTVhZWE3YTktZDAzNC00NDUxLTk0YjctOTUwZmMwYTk1NzI1XkEyXkFqcGdeQXVyNDIwOTAzMDM@..jpg
231,https://m.media-amazon.com/images/M/MV5BZTYyY2NlMzktZWE4Yi00ZjkxLWJjZGItNTgyMDU3YTc4MTlkXkEyXkFqcGdeQXVyMTMxODk2OTU@..jpg
232,https://m.media-amazon.com/images/M/MV5BYWZjMjk3ZTItODQ2ZC00NTY5LWE0ZDYtZTI3MjcwN2Q5NTVkXkEyXkFqcGdeQXVyODk4OTc3MTY@..jpg
233,https://m.media-amazon.com/images/M/MV5BNzRiZjFkMjgtYjAxMy00NjNhLThlZmEtMDk1N2Q3MjFjMTBmXkEyXkFqcGdeQXVyMTMxODk2OTU@..jpg
234,https://m.media-amazon.com/images/M/MV5BNTQ1YjZmNzctNzc0MS00OGRkLWJhYTctOWU4YWNhMDhiNjJiXkEyXkFqcGdeQXVyNTAwNzc3ODg@..jpg
235,https://m.media-amazon.com/images/M/MV5BMTA5ZGE4ZTQtYjVjOS00MTllLTkwZWEtYzQ5NzljMWJkYWE4XkEyXkFqcGdeQXVyMTk0NTY2ODQ@..jpg
236,https://m.media-amazon.com/images/M/MV5BNDQxZjlhZDQtNzEzMS00NGQ5LWEwMzMtZTM0NWI2NmViZWRmXkEyXkFqcGdeQXVyNjQ3ODkxMjE@..jpg
237,https://m.media-amazon.com/images/M/MV5BMTFhMzRiOWEtYThjMS00MWU1LTk1YTctYjcxMDcxMGU4MzQ4XkEyXkFqcGdeQXVyNTUxNTI3MzY@..jpg
238,https://m.media-amazon.com/images/M/MV5BMzI2OWM0YmUtZTM2Ny00ZDhkLWI1OTUtOTljY2U4YThhNWZlXkEyXkFqcGdeQXVyNzI1NzMxNzM@..jpg
239,https://m.media-amazon.com/images/M/MV5BMWE2Y2FhNzQtN2NkOC00MjdjLTgyMDYtYTUwMzQ0MTIxNjcxXkEyXkFqcGdeQXVyMTMxMTY0OTQ@..jpg
240,https://m.media-amazon.com/images/M/MV5BN2FjN2Q0ZWQtN2NiOC00MTZjLTg3ZDEtMmVkNzM0ODBkYmU1XkEyXkFqcGdeQXVyNTUxNTI3MzY@..jpg
241,https://m.media-amazon.com/images/M/MV5BMWNmYjI1M2UtNDdkNi00MTgwLWFiZmYtODcxNWZhM2Y2NWFkXkEyXkFqcGdeQXVyMTMxODk2OTU@..jpg
242,https://m.media-amazon.com/images/M/MV5BYzNkY2JjOGUtZTgyNS00YWZmLWIzNjctNGFkMGI2OTMwNmY2XkEyXkFqcGdeQXVyNzI1NzMxNzM@..jpg
243,https://m.media-amazon.com/images/M/MV5BNjc3NjU0MWEtZTkxYS00ZmMyLTk4YTQtMmMxM2Q0MjQxNzk1XkEyXkFqcGdeQXVyNzQzNDM3NTI@..jpg
244,https://m.media-amazon.com/images/M/MV5BNGU2NzI1OGYtMTMzZC00OWU5LWIxOTUtNzY0YTM3YWI5YTA1XkEyXkFqcGdeQXVyNzI1NzMxNzM@..jpg
245,https://m.media-amazon.com/images/M/MV5BODc0MjJhMDYtZjYwNy00NTc2LWJjYzYtMTQ2ODY3YjEyZTZjXkEyXkFqcGdeQXVyNDcyMjQ4MzU@..jpg
